"","Treatment","Disease","Beaker.conditions","Nutrients","Day","meanNH4","sdNH4","seNH4"
"1","LN_28","Placebo","Blank","LN",1,1.435,0.393403948463493,0.196701974231746
"2","LN_28","Placebo","Blank","LN",2,0.15,0.113578166916005,0.06557438524302
"3","LN_28","Placebo","Blank","LN",3,0.1675,0.308585482484189,0.154292741242095
"4","LN_28","Placebo","Blank","LN",4,0.1925,0.287445647036096,0.143722823518048
"5","LN_28","Placebo","Blank","LN",7,0.1675,0.308585482484189,0.154292741242095
"6","LN_28","Placebo","Blank","LN",9,0.155,0.256839768467943,0.128419884233972
"7","LN_28","Placebo","Blank","LN",11,0.105,0.0932737905308881,0.0466368952654441
"8","LN_28","Placebo","Blank","LN",14,0.02,0.0282842712474619,0.02
"9","LN_28","Placebo","Blank","LN",15,0.125,0.0353553390593274,0.025
"10","LN_28","Placebo","Blank","LN",16,0.035,0.00707106781186548,0.005
"11","LN_28","Placebo","Blank","LN",18,0.15,0.0707106781186548,0.05
"12","LN_28","Placebo","Blank","LN",21,0.12,0.169705627484771,0.12
"13","LN_28","Placebo","Blank","LN",23,0.17,0.240416305603426,0.17
"14","LN_28","Placebo","Blank","LN",25,0.185,0.0636396103067893,0.045
"15","LN_28","Placebo","Blank","LN",29,0.025,0.00707106781186547,0.005
"16","LN_28","Placebo","Blank","LN",31,0.0425,0.0459619407771256,0.0325
"17","LN_28","Placebo","Blank","LN",35,0.69,0.933380951166243,0.66
"18","LN_28","Placebo","Blank","LN",37,0.01,0.014142135623731,0.01
"19","LN_28","Placebo","Blank","LN",39,1.095,0.615182899632296,0.435
"20","LN_28","Placebo","Blank","LN",42,0.1125,0.159099025766973,0.1125
"21","LN_28","Placebo","Blank","LN",45,0.04,0.0282842712474619,0.02
"22","LN_28","Placebo","Blank","LN",50,0.055,0.0777817459305202,0.055
"23","LN_28","Placebo","Blank","LN",52,0.12,0.14142135623731,0.1
"24","LN_28","Placebo","Coral","LN",1,1.07333333333333,0.353883219909243,0.204314572276293
"25","LN_28","Placebo","Coral","LN",2,0.526666666666667,0.635714820759539,0.367030122893355
"26","LN_28","Placebo","Coral","LN",3,0.18,0.149331845230681,0.0862167810425171
"27","LN_28","Placebo","Coral","LN",4,0.13,0.181934053986603,0.105039675043925
"28","LN_28","Placebo","Coral","LN",7,0.18,0.149331845230681,0.0862167810425171
"29","LN_28","Placebo","Coral","LN",9,0.04,0,0
"30","LN_28","Placebo","Coral","LN",11,0.0266666666666667,0.0305505046330389,0.0176383420737639
"31","LN_28","Placebo","Coral","LN",14,0.1,0.130575648572006,0.0583952052826257
"32","LN_28","Placebo","Coral","LN",15,0.066,0.0923579991121505,0.0413037528561268
"33","LN_28","Placebo","Coral","LN",16,0.1725,0.122576506721313,0.0612882533606563
"34","LN_28","Placebo","Coral","LN",18,0.205,0.151986841535707,0.0759934207678533
"35","LN_28","Placebo","Coral","LN",21,0.485,0.891384690617169,0.445692345308585
"36","LN_28","Placebo","Coral","LN",23,0.0175,0.00957427107756338,0.00478713553878169
"37","LN_28","Placebo","Coral","LN",25,0.3175,0.455,0.2275
"38","LN_28","Placebo","Coral","LN",29,0.0725,0.0655108133567785,0.0327554066783892
"39","LN_28","Placebo","Coral","LN",31,0.035,0.0369684550213647,0.0184842275106824
"40","LN_28","Placebo","Coral","LN",35,0.5025,0.323663920345369,0.161831960172684
"41","LN_28","Placebo","Coral","LN",37,0.0625,0.0485626742811116,0.0242813371405558
"42","LN_28","Placebo","Coral","LN",39,0.395,0.433935479074943,0.216967739537471
"43","LN_28","Placebo","Coral","LN",42,0.065,0.0723417813807024,0.0361708906903512
"44","LN_28","Placebo","Coral","LN",45,0.035,0.0191485421551268,0.00957427107756338
"45","LN_28","Placebo","Coral","LN",50,0.0925,0.0485626742811116,0.0242813371405558
"46","LN_28","Placebo","Coral","LN",52,0.0475,0.025,0.0125
"47","LN_28","SCTLD","Blank","LN",1,1.975,0.544472221513641,0.385
"48","LN_28","SCTLD","Blank","LN",2,0.05,0.0707106781186548,0.05
"49","LN_28","SCTLD","Blank","LN",3,0.07,0.0424264068711929,0.03
"50","LN_28","SCTLD","Blank","LN",4,0.115,0.0636396103067893,0.045
"51","LN_28","SCTLD","Blank","LN",7,0.07,0.0424264068711929,0.03
"52","LN_28","SCTLD","Blank","LN",9,0.755,0.148492424049175,0.105
"53","LN_28","SCTLD","Blank","LN",11,0.175,0.0777817459305202,0.055
"54","LN_28","SCTLD","Blank","LN",14,0.02,0,0
"55","LN_28","SCTLD","Blank","LN",15,0.18,0.14142135623731,0.1
"56","LN_28","SCTLD","Blank","LN",16,0.135,0.0636396103067893,0.045
"57","LN_28","SCTLD","Blank","LN",18,0.335,0.190918830920368,0.135
"58","LN_28","SCTLD","Blank","LN",21,0.285,0.0212132034355964,0.015
"59","LN_28","SCTLD","Blank","LN",23,0.105,0.00707106781186547,0.005
"60","LN_28","SCTLD","Blank","LN",25,0.3025,0.0954594154601839,0.0675
"61","LN_28","SCTLD","Blank","LN",29,0.4225,0.0530330085889911,0.0375
"62","LN_28","SCTLD","Blank","LN",31,0.195,0.0636396103067893,0.045
"63","LN_28","SCTLD","Blank","LN",35,4.545,3.79716341497176,2.685
"64","LN_28","SCTLD","Blank","LN",37,1.74,1.72534054609518,1.22
"65","LN_28","SCTLD","Blank","LN",39,3.585,2.01525432638166,1.425
"66","LN_28","SCTLD","Blank","LN",42,6.0975,1.62281006282313,1.1475
"67","LN_28","SCTLD","Blank","LN",45,3.71,1.7819090885901,1.26
"68","LN_28","SCTLD","Blank","LN",50,1.375,1.44956890143242,1.025
"69","LN_28","SCTLD","Blank","LN",52,0.14,NA,NA
"70","LN_28","SCTLD","Coral","LN",1,1.42176470588235,0.766161171801646,0.185821378681481
"71","LN_28","SCTLD","Coral","LN",2,0.384705882352941,0.294663317344109,0.0714663518473329
"72","LN_28","SCTLD","Coral","LN",3,0.198823529411765,0.18144842080262,0.044007706151219
"73","LN_28","SCTLD","Coral","LN",4,0.395294117647059,0.336101131489073,0.0815164980011211
"74","LN_28","SCTLD","Coral","LN",7,0.198823529411765,0.18144842080262,0.044007706151219
"75","LN_28","SCTLD","Coral","LN",9,0.174117647058824,0.246755415936748,0.0598469790353196
"76","LN_28","SCTLD","Coral","LN",11,0.0935294117647059,0.112801882545826,0.027358475088527
"77","LN_28","SCTLD","Coral","LN",14,0.0488235294117647,0.0312014328479432,0.00756745901780506
"78","LN_28","SCTLD","Coral","LN",15,0.141764705882353,0.121615957737752,0.0294962023243178
"79","LN_28","SCTLD","Coral","LN",16,0.208823529411765,0.159408373091769,0.0386622094038372
"80","LN_28","SCTLD","Coral","LN",18,0.256470588235294,0.168000787813279,0.0407461760788899
"81","LN_28","SCTLD","Coral","LN",21,0.191764705882353,0.122128789302402,0.0296205822483888
"82","LN_28","SCTLD","Coral","LN",23,0.166176470588235,0.0780530551084626,0.0189306465067263
"83","LN_28","SCTLD","Coral","LN",25,0.377058823529412,0.226819441017584,0.0550117948975915
"84","LN_28","SCTLD","Coral","LN",29,0.405,0.246119889484779,0.0596928412300642
"85","LN_28","SCTLD","Coral","LN",31,0.319705882352941,0.16004365213352,0.0388162872033008
"86","LN_28","SCTLD","Coral","LN",35,2.50176470588235,1.27986564379878,0.310413013881266
"87","LN_28","SCTLD","Coral","LN",37,1.06147058823529,0.730097948706804,0.177074762327349
"88","LN_28","SCTLD","Coral","LN",39,1.79441176470588,1.08475498724502,0.26309172884275
"89","LN_28","SCTLD","Coral","LN",42,1.07882352941176,1.21890771980973,0.295628545685665
"90","LN_28","SCTLD","Coral","LN",45,0.754411764705882,0.746566897439835,0.181069069102006
"91","LN_28","SCTLD","Coral","LN",50,9.07264705882353,14.3577344267,3.48226209328537
"92","LN_28","SCTLD","Coral","LN",52,9.612,17.4009066175045,5.50264982632105
"93","LN_31","Placebo","Blank","LN",1,1.605,0.37476659402887,0.265
"94","LN_31","Placebo","Blank","LN",2,0.15,0.199749843554382,0.115325625946708
"95","LN_31","Placebo","Blank","LN",3,0.265,0.37476659402887,0.265
"96","LN_31","Placebo","Blank","LN",4,0.035,0.0494974746830583,0.035
"97","LN_31","Placebo","Blank","LN",7,0.265,0.37476659402887,0.265
"98","LN_31","Placebo","Blank","LN",9,0.02,0.014142135623731,0.01
"99","LN_31","Placebo","Blank","LN",11,0.06,0.014142135623731,0.01
"100","LN_31","Placebo","Blank","LN",14,0,0,0
"101","LN_31","Placebo","Blank","LN",15,0.05,0,0
"102","LN_31","Placebo","Blank","LN",16,0.16,0.183847763108502,0.13
"103","LN_31","Placebo","Blank","LN",18,0.545,0.685893577750951,0.485
"104","LN_31","Placebo","Blank","LN",21,0.03,0,0
"105","LN_31","Placebo","Blank","LN",23,0.695,0.332340187157677,0.235
"106","LN_31","Placebo","Blank","LN",25,0.26,0.367695526217005,0.26
"107","LN_31","Placebo","Blank","LN",29,0.005,0.00707106781186548,0.005
"108","LN_31","Placebo","Blank","LN",31,0.015,0.00707106781186548,0.005
"109","LN_31","Placebo","Blank","LN",35,0.285,0.403050865276332,0.285
"110","LN_31","Placebo","Blank","LN",37,0.17,0.15556349186104,0.11
"111","LN_31","Placebo","Blank","LN",39,0.305,0.120208152801713,0.085
"112","LN_31","Placebo","Blank","LN",42,0.005,0.00707106781186548,0.005
"113","LN_31","Placebo","Blank","LN",45,0.53,0.480832611206852,0.34
"114","LN_31","Placebo","Blank","LN",50,0.0325,0.0459619407771256,0.0325
"115","LN_31","Placebo","Blank","LN",52,0.24,0.0565685424949238,0.04
"116","LN_31","Placebo","Coral","LN",1,1.14333333333333,0.699738046223966,0.40399394934963
"117","LN_31","Placebo","Coral","LN",2,0.146666666666667,0.127410099024109,0.0735602549690464
"118","LN_31","Placebo","Coral","LN",3,0.146666666666667,0.0950438495292217,0.0548735921105144
"119","LN_31","Placebo","Coral","LN",4,0.926666666666667,1.34336641812029,0.775592963122052
"120","LN_31","Placebo","Coral","LN",7,0.146666666666667,0.0950438495292217,0.0548735921105144
"121","LN_31","Placebo","Coral","LN",9,0.12,0.0360555127546399,0.0208166599946613
"122","LN_31","Placebo","Coral","LN",11,0.145,0.178955301681733,0.103319891598859
"123","LN_31","Placebo","Coral","LN",14,0.0916666666666667,0.0592311854797229,0.0341971408811387
"124","LN_31","Placebo","Coral","LN",15,0.06,0.0458257569495584,0.0264575131106459
"125","LN_31","Placebo","Coral","LN",16,0.1525,0.130479883506999,0.0652399417534995
"126","LN_31","Placebo","Coral","LN",18,0.58,0.828975271042508,0.414487635521254
"127","LN_31","Placebo","Coral","LN",21,0.16125,0.207780934319457,0.103890467159729
"128","LN_31","Placebo","Coral","LN",23,0.33,0.365604522218567,0.182802261109284
"129","LN_31","Placebo","Coral","LN",25,0.07,0.0621825270205921,0.0310912635102961
"130","LN_31","Placebo","Coral","LN",29,0.09,0.0725718035235908,0.0362859017617954
"131","LN_31","Placebo","Coral","LN",31,0.04,0.0565685424949238,0.0282842712474619
"132","LN_31","Placebo","Coral","LN",35,0.26,0.228691932520585,0.132035348802256
"133","LN_31","Placebo","Coral","LN",37,0.276666666666667,0.258907963055085,0.149480582165191
"134","LN_31","Placebo","Coral","LN",39,0.975,0.638572627036267,0.368680078116516
"135","LN_31","Placebo","Coral","LN",42,0.103333333333333,0.0568624070307733,0.032829526005987
"136","LN_31","Placebo","Coral","LN",45,0.0766666666666667,0.0351188458428425,0.0202758751009941
"137","LN_31","Placebo","Coral","LN",50,0.203333333333333,0.205264057577875,0.118509258897541
"138","LN_31","Placebo","Coral","LN",52,0.07,0.0754983443527075,0.0435889894354067
"139","LN_31","SCTLD","Blank","LN",1,1.98,0.353553390593274,0.25
"140","LN_31","SCTLD","Blank","LN",2,0.4,0.466690475583121,0.33
"141","LN_31","SCTLD","Blank","LN",3,0.37,0.395979797464467,0.28
"142","LN_31","SCTLD","Blank","LN",4,0.125,0.0636396103067893,0.045
"143","LN_31","SCTLD","Blank","LN",7,0.37,0.395979797464467,0.28
"144","LN_31","SCTLD","Blank","LN",9,0.01,0.014142135623731,0.01
"145","LN_31","SCTLD","Blank","LN",11,0.12,0.0707106781186548,0.05
"146","LN_31","SCTLD","Blank","LN",14,0.01,0,0
"147","LN_31","SCTLD","Blank","LN",15,0.055,0.00707106781186547,0.005
"148","LN_31","SCTLD","Blank","LN",16,0.275,0.134350288425444,0.095
"149","LN_31","SCTLD","Blank","LN",18,2.025,2.62336615820209,1.855
"150","LN_31","SCTLD","Blank","LN",21,0.085,0.0212132034355964,0.015
"151","LN_31","SCTLD","Blank","LN",23,0.15,0.127279220613579,0.09
"152","LN_31","SCTLD","Blank","LN",25,0.4,0.0707106781186548,0.05
"153","LN_31","SCTLD","Blank","LN",29,0.2425,0.0601040764008565,0.0425
"154","LN_31","SCTLD","Blank","LN",31,0.4825,0.166170093578839,0.1175
"155","LN_31","SCTLD","Blank","LN",35,5.61,0.0282842712474619,0.02
"156","LN_31","SCTLD","Blank","LN",37,1.155,1.05358910396796,0.745
"157","LN_31","SCTLD","Blank","LN",39,2.405,0.997020561473032,0.705
"158","LN_31","SCTLD","Blank","LN",42,0.61,0.353553390593274,0.25
"159","LN_31","SCTLD","Blank","LN",45,0.76,0.0707106781186548,0.05
"160","LN_31","SCTLD","Blank","LN",50,0.215,0.106066017177982,0.075
"161","LN_31","SCTLD","Blank","LN",52,0.11,NA,NA
"162","LN_31","SCTLD","Coral","LN",1,1.28333333333333,0.576945982451275,0.148966812113004
"163","LN_31","SCTLD","Coral","LN",2,0.24,0.191450602854453,0.0478626507136131
"164","LN_31","SCTLD","Coral","LN",3,0.203125,0.18693024545714,0.046732561364285
"165","LN_31","SCTLD","Coral","LN",4,0.363125,0.712064779356485,0.178016194839121
"166","LN_31","SCTLD","Coral","LN",7,0.203125,0.18693024545714,0.046732561364285
"167","LN_31","SCTLD","Coral","LN",9,0.1275,0.119079805172834,0.0297699512932084
"168","LN_31","SCTLD","Coral","LN",11,0.113125,0.201087667448802,0.0502719168622005
"169","LN_31","SCTLD","Coral","LN",14,0.1059375,0.129733300145594,0.0324333250363984
"170","LN_31","SCTLD","Coral","LN",15,0.18625,0.167923593736358,0.0419808984340894
"171","LN_31","SCTLD","Coral","LN",16,0.233125,0.164305355968696,0.0410763389921741
"172","LN_31","SCTLD","Coral","LN",18,0.44875,0.475014034880374,0.118753508720094
"173","LN_31","SCTLD","Coral","LN",21,0.441875,1.14302650158836,0.285756625397091
"174","LN_31","SCTLD","Coral","LN",23,0.17,0.115585466214399,0.0288963665535998
"175","LN_31","SCTLD","Coral","LN",25,0.345625,0.153306609990133,0.0383266524975332
"176","LN_31","SCTLD","Coral","LN",29,0.340625,0.185093444868621,0.0462733612171553
"177","LN_31","SCTLD","Coral","LN",31,0.4096875,0.279776510510324,0.069944127627581
"178","LN_31","SCTLD","Coral","LN",35,2.32888888888889,1.31047171320525,0.436823904401751
"179","LN_31","SCTLD","Coral","LN",37,0.826111111111111,0.655685603861417,0.218561867953806
"180","LN_31","SCTLD","Coral","LN",39,1.25611111111111,0.774474732390354,0.258158244130118
"181","LN_31","SCTLD","Coral","LN",42,0.788333333333333,0.57104071658683,0.190346905528943
"182","LN_31","SCTLD","Coral","LN",45,0.374444444444444,0.19066404427101,0.0635546814236701
"183","LN_31","SCTLD","Coral","LN",50,3.475,9.94713400935164,3.31571133645055
"184","LN_31","SCTLD","Coral","LN",52,6.4075,17.2913287517183,6.11340790803297
"185","HN_28","Placebo","Blank","HN",1,5.59,0.0141421356237306,0.00999999999999979
"186","HN_28","Placebo","Blank","HN",2,2.765,0.289913780286485,0.205
"187","HN_28","Placebo","Blank","HN",3,1.565,0.346482322781408,0.245
"188","HN_28","Placebo","Blank","HN",4,1.145,0.445477272147525,0.315
"189","HN_28","Placebo","Blank","HN",7,1.565,0.346482322781408,0.245
"190","HN_28","Placebo","Blank","HN",9,0.51,0.226274169979695,0.16
"191","HN_28","Placebo","Blank","HN",11,0.335,0.388908729652601,0.275
"192","HN_28","Placebo","Blank","HN",14,0.05,0.0282842712474619,0.02
"193","HN_28","Placebo","Blank","HN",15,0.135,0.120208152801713,0.085
"194","HN_28","Placebo","Blank","HN",16,0.295,0.00707106781186548,0.005
"195","HN_28","Placebo","Blank","HN",18,0.655,0.176776695296637,0.125
"196","HN_28","Placebo","Blank","HN",21,0.4,0.268700576850888,0.19
"197","HN_28","Placebo","Blank","HN",23,0.015,0.00707106781186548,0.005
"198","HN_28","Placebo","Blank","HN",25,2.805,0.176776695296637,0.125
"199","HN_28","Placebo","Blank","HN",29,1.39,1.11722871427475,0.79
"200","HN_28","Placebo","Blank","HN",31,1.69,0.466690475583121,0.33
"201","HN_28","Placebo","Blank","HN",35,5.4425,0.18031222920257,0.1275
"202","HN_28","Placebo","Blank","HN",37,2.79,0.664680374315355,0.47
"203","HN_28","Placebo","Blank","HN",39,0.48,0.650538238691624,0.46
"204","HN_28","Placebo","Blank","HN",42,3.285,0.799030662740799,0.565
"205","HN_28","Placebo","Blank","HN",45,0.715,0.869741340859454,0.615
"206","HN_28","Placebo","Blank","HN",50,0.12,0.0282842712474619,0.02
"207","HN_28","Placebo","Blank","HN",52,0.21,0.0989949493661167,0.07
"208","HN_28","Placebo","Coral","HN",1,4.47333333333333,0.871167798609047,0.502968963036267
"209","HN_28","Placebo","Coral","HN",2,1.79,0.565066367783467,0.326241219549789
"210","HN_28","Placebo","Coral","HN",3,0.13,0.0173205080756888,0.01
"211","HN_28","Placebo","Coral","HN",4,0.526666666666667,0.17156145643277,0.0990510530540242
"212","HN_28","Placebo","Coral","HN",7,0.13,0.0173205080756888,0.01
"213","HN_28","Placebo","Coral","HN",9,0.363333333333333,0.310859024854247,0.179474541679624
"214","HN_28","Placebo","Coral","HN",11,0.113333333333333,0.087368949480541,0.0504424865014052
"215","HN_28","Placebo","Coral","HN",14,0.09,0.02,0.0115470053837925
"216","HN_28","Placebo","Coral","HN",15,0.173333333333333,0.0378593889720018,0.02185812841434
"217","HN_28","Placebo","Coral","HN",16,0.193333333333333,0.135769412362775,0.0783865067753656
"218","HN_28","Placebo","Coral","HN",18,0.143333333333333,0.0461880215351701,0.0266666666666667
"219","HN_28","Placebo","Coral","HN",21,0.493333333333333,0.149777612924407,0.0864741451404857
"220","HN_28","Placebo","Coral","HN",23,0.0266666666666667,0.0305505046330389,0.0176383420737639
"221","HN_28","Placebo","Coral","HN",25,0.926666666666667,0.613297100379036,0.354087245997053
"222","HN_28","Placebo","Coral","HN",29,0.191666666666667,0.111840660465384,0.064571235426035
"223","HN_28","Placebo","Coral","HN",31,0.516666666666667,0.0351188458428425,0.0202758751009941
"224","HN_28","Placebo","Coral","HN",35,2.31333333333333,1.05841075832275,0.611073736230834
"225","HN_28","Placebo","Coral","HN",37,0.38,0.23895606290697,0.137961347243833
"226","HN_28","Placebo","Coral","HN",39,0.956666666666667,0.185022521151706,0.10682280239308
"227","HN_28","Placebo","Coral","HN",42,0.91,1.22991869649989,0.710093890505568
"228","HN_28","Placebo","Coral","HN",45,0.256666666666667,0.245424801789333,0.141696075378882
"229","HN_28","Placebo","Coral","HN",50,0.13,0.02,0.0115470053837925
"230","HN_28","Placebo","Coral","HN",52,0.3,0.098488578017961,0.0568624070307733
"231","HN_28","SCTLD","Blank","HN",1,5.87,0.523259018078045,0.37
"232","HN_28","SCTLD","Blank","HN",2,3.17,0.240416305603426,0.17
"233","HN_28","SCTLD","Blank","HN",3,1.69,0.381837661840736,0.27
"234","HN_28","SCTLD","Blank","HN",4,1.275,0.431335136523794,0.305
"235","HN_28","SCTLD","Blank","HN",7,1.69,0.381837661840736,0.27
"236","HN_28","SCTLD","Blank","HN",9,0.405,0.120208152801713,0.085
"237","HN_28","SCTLD","Blank","HN",11,0.205,0.120208152801713,0.085
"238","HN_28","SCTLD","Blank","HN",14,0.09,0.0282842712474619,0.02
"239","HN_28","SCTLD","Blank","HN",15,0.195,0.148492424049175,0.105
"240","HN_28","SCTLD","Blank","HN",16,0.39,0.0424264068711929,0.03
"241","HN_28","SCTLD","Blank","HN",18,1.67,1.34350288425444,0.95
"242","HN_28","SCTLD","Blank","HN",21,0.555,0.530330085889911,0.375
"243","HN_28","SCTLD","Blank","HN",23,0.26,0.212132034355964,0.15
"244","HN_28","SCTLD","Blank","HN",25,5.88,1.25865007051205,0.89
"245","HN_28","SCTLD","Blank","HN",29,3.565,0.982878425849301,0.695
"246","HN_28","SCTLD","Blank","HN",31,3.045,1.71826947828331,1.215
"247","HN_28","SCTLD","Blank","HN",35,11.02,3.63452885529885,2.57
"248","HN_28","SCTLD","Blank","HN",37,6.86,1.34350288425444,0.95
"249","HN_28","SCTLD","Blank","HN",39,9.16,1.86676190233249,1.32
"250","HN_28","SCTLD","Blank","HN",42,7.805,5.67806745292798,4.015
"251","HN_28","SCTLD","Blank","HN",45,5.66,4.53962553521763,3.21
"252","HN_28","SCTLD","Blank","HN",50,0.89,0.311126983722081,0.22
"253","HN_28","SCTLD","Blank","HN",52,0.59,NA,NA
"254","HN_28","SCTLD","Coral","HN",1,4.274375,0.703817862328979,0.175954465582245
"255","HN_28","SCTLD","Coral","HN",2,1.793125,0.715548449326343,0.178887112331586
"256","HN_28","SCTLD","Coral","HN",3,0.57125,0.503956016599333,0.125989004149833
"257","HN_28","SCTLD","Coral","HN",4,0.705625,0.689936893249424,0.172484223312356
"258","HN_28","SCTLD","Coral","HN",7,0.57125,0.503956016599333,0.125989004149833
"259","HN_28","SCTLD","Coral","HN",9,0.566875,0.34120802550155,0.0853020063753876
"260","HN_28","SCTLD","Coral","HN",11,0.1734375,0.162897910258747,0.0407244775646867
"261","HN_28","SCTLD","Coral","HN",14,0.1378125,0.135141515333619,0.0337853788334046
"262","HN_28","SCTLD","Coral","HN",15,0.214666666666667,0.273779542872067,0.0706895740050531
"263","HN_28","SCTLD","Coral","HN",16,0.27125,0.200661406354087,0.0501653515885217
"264","HN_28","SCTLD","Coral","HN",18,2.48125,1.26774800335082,0.316937000837706
"265","HN_28","SCTLD","Coral","HN",21,0.9596875,0.633178407586151,0.158294601896538
"266","HN_28","SCTLD","Coral","HN",23,1.61,0.948590181971821,0.237147545492955
"267","HN_28","SCTLD","Coral","HN",25,3.0359375,1.4704253565437,0.367606339135925
"268","HN_28","SCTLD","Coral","HN",29,2.2553125,0.780673787506664,0.195168446876666
"269","HN_28","SCTLD","Coral","HN",31,1.7634375,0.943851539791437,0.235962884947859
"270","HN_28","SCTLD","Coral","HN",35,5.871875,1.89679455485652,0.474198638714129
"271","HN_28","SCTLD","Coral","HN",37,3.3671875,1.10646881075187,0.276617202687969
"272","HN_28","SCTLD","Coral","HN",39,4.51125,1.62477844643508,0.406194611608771
"273","HN_28","SCTLD","Coral","HN",42,3.603125,2.41337514351444,0.603343785878609
"274","HN_28","SCTLD","Coral","HN",45,2.06375,1.94191958295566,0.485479895738914
"275","HN_28","SCTLD","Coral","HN",50,9.2440625,16.886157962342,4.2215394905855
"276","HN_28","SCTLD","Coral","HN",52,5.735,10.518122456028,3.50604081867599
"277","HN_31","Placebo","Blank","HN",1,5.62,0.721248916810278,0.51
"278","HN_31","Placebo","Blank","HN",2,2.765,0.388908729652601,0.275
"279","HN_31","Placebo","Blank","HN",3,0.965,0.403050865276332,0.285
"280","HN_31","Placebo","Blank","HN",4,0.55,0.240416305603426,0.17
"281","HN_31","Placebo","Blank","HN",7,0.965,0.403050865276332,0.285
"282","HN_31","Placebo","Blank","HN",9,0.21,0.0424264068711929,0.03
"283","HN_31","Placebo","Blank","HN",11,0.1,0.014142135623731,0.01
"284","HN_31","Placebo","Blank","HN",14,0.055,0.00707106781186547,0.005
"285","HN_31","Placebo","Blank","HN",15,0.165,0.148492424049175,0.105
"286","HN_31","Placebo","Blank","HN",16,0.64,0.735391052434009,0.52
"287","HN_31","Placebo","Blank","HN",18,0.95,1.10308657865101,0.78
"288","HN_31","Placebo","Blank","HN",21,0.13,0.14142135623731,0.1
"289","HN_31","Placebo","Blank","HN",23,0.265,0.233345237791561,0.165
"290","HN_31","Placebo","Blank","HN",25,1.99,0.438406204335659,0.31
"291","HN_31","Placebo","Blank","HN",29,0.305,0.0636396103067893,0.045
"292","HN_31","Placebo","Blank","HN",31,1.535,0.445477272147525,0.315
"293","HN_31","Placebo","Blank","HN",35,4.805,1.37885822331377,0.975
"294","HN_31","Placebo","Blank","HN",37,2.385,0.0919238815542514,0.0650000000000002
"295","HN_31","Placebo","Blank","HN",39,0.655,0.205060966544099,0.145
"296","HN_31","Placebo","Blank","HN",42,0.36,0.197989898732233,0.14
"297","HN_31","Placebo","Blank","HN",45,0.225,0.304055915910215,0.215
"298","HN_31","Placebo","Blank","HN",50,0.09,0.0989949493661166,0.07
"299","HN_31","Placebo","Blank","HN",52,0.08,0.0707106781186548,0.05
"300","HN_31","Placebo","Coral","HN",1,4.82,1.01843016451792,0.587990929635257
"301","HN_31","Placebo","Coral","HN",2,1.85,1.10267855696935,0.63663176169588
"302","HN_31","Placebo","Coral","HN",3,0.406666666666667,0.176162803489651,0.101707642015949
"303","HN_31","Placebo","Coral","HN",4,0.173333333333333,0.106926766215636,0.0617341972581738
"304","HN_31","Placebo","Coral","HN",7,0.406666666666667,0.176162803489651,0.101707642015949
"305","HN_31","Placebo","Coral","HN",9,0.42,0.294618397253125,0.170098010962308
"306","HN_31","Placebo","Coral","HN",11,0.085,0.0482182538049648,0.0278388218141501
"307","HN_31","Placebo","Coral","HN",14,0.0716666666666667,0.0189296944860009,0.01092906420717
"308","HN_31","Placebo","Coral","HN",15,0.03,0.0435889894354067,0.0251661147842358
"309","HN_31","Placebo","Coral","HN",16,0.33,0.06557438524302,0.0378593889720018
"310","HN_31","Placebo","Coral","HN",18,1.00666666666667,0.329595711946217,0.190292173015894
"311","HN_31","Placebo","Coral","HN",21,0.36,0.124899959967968,0.0721110255092798
"312","HN_31","Placebo","Coral","HN",23,0.156666666666667,0.174737898961082,0.10088497300281
"313","HN_31","Placebo","Coral","HN",25,0.84,0.928924108848511,0.536314584300421
"314","HN_31","Placebo","Coral","HN",29,0.206666666666667,0.281128677536343,0.162309717652531
"315","HN_31","Placebo","Coral","HN",31,0.69,0.521152568831815,0.300887575903914
"316","HN_31","Placebo","Coral","HN",35,3.33,0.815414005275847,0.470779495447001
"317","HN_31","Placebo","Coral","HN",37,1.15333333333333,0.270616579930597,0.156240555270106
"318","HN_31","Placebo","Coral","HN",39,0.765,1.02814152722278,0.593597787507108
"319","HN_31","Placebo","Coral","HN",42,0.563333333333333,0.0832666399786453,0.0480740170061865
"320","HN_31","Placebo","Coral","HN",45,0.0566666666666667,0.0513160143944688,0.0296273147243853
"321","HN_31","Placebo","Coral","HN",50,0.113333333333333,0.0665832811847939,0.0384418753155693
"322","HN_31","Placebo","Coral","HN",52,0.07,0.07,0.0404145188432738
"323","HN_31","SCTLD","Blank","HN",1,5.34,0.763675323681471,0.54
"324","HN_31","SCTLD","Blank","HN",2,2.75,0.254558441227157,0.18
"325","HN_31","SCTLD","Blank","HN",3,0.725,0.162634559672906,0.115
"326","HN_31","SCTLD","Blank","HN",4,0.345,0.0494974746830583,0.035
"327","HN_31","SCTLD","Blank","HN",7,0.725,0.162634559672906,0.115
"328","HN_31","SCTLD","Blank","HN",9,0.595,0.502045814642449,0.355
"329","HN_31","SCTLD","Blank","HN",11,0.205,0.120208152801713,0.085
"330","HN_31","SCTLD","Blank","HN",14,0.055,0.00707106781186547,0.005
"331","HN_31","SCTLD","Blank","HN",15,0.1,0.0424264068711929,0.03
"332","HN_31","SCTLD","Blank","HN",16,0.235,0.190918830920368,0.135
"333","HN_31","SCTLD","Blank","HN",18,2.005,1.64755880016466,1.165
"334","HN_31","SCTLD","Blank","HN",21,0.215,0.148492424049175,0.105
"335","HN_31","SCTLD","Blank","HN",23,0.525,0.346482322781408,0.245
"336","HN_31","SCTLD","Blank","HN",25,3.645,0.459619407771256,0.325
"337","HN_31","SCTLD","Blank","HN",29,2.215,1.13844191771034,0.805
"338","HN_31","SCTLD","Blank","HN",31,2.8025,1.07833784130948,0.7625
"339","HN_31","SCTLD","Blank","HN",35,10.77,0.268700576850889,0.19
"340","HN_31","SCTLD","Blank","HN",37,3.955,4.05172185619892,2.865
"341","HN_31","SCTLD","Blank","HN",39,4.9325,6.10586705554584,4.3175
"342","HN_31","SCTLD","Blank","HN",42,4.585,4.41941738241592,3.125
"343","HN_31","SCTLD","Blank","HN",45,1.405,0.417193000900063,0.295
"344","HN_31","SCTLD","Blank","HN",50,3.025,4.19314321243623,2.965
"345","HN_31","SCTLD","Blank","HN",52,0.27,NA,NA
"346","HN_31","SCTLD","Coral","HN",1,4.17941176470588,0.643850434769552,0.156156667626748
"347","HN_31","SCTLD","Coral","HN",2,1.89647058823529,0.626038548897656,0.151836650753732
"348","HN_31","SCTLD","Coral","HN",3,0.349411764705882,0.236444247874507,0.0573461534444891
"349","HN_31","SCTLD","Coral","HN",4,0.264705882352941,0.537379261405048,0.130333615046436
"350","HN_31","SCTLD","Coral","HN",7,0.349411764705882,0.236444247874507,0.0573461534444891
"351","HN_31","SCTLD","Coral","HN",9,0.352941176470588,0.218482399344957,0.0529897652845669
"352","HN_31","SCTLD","Coral","HN",11,0.150882352941176,0.132384800087161,0.0321080302344496
"353","HN_31","SCTLD","Coral","HN",14,0.140882352941176,0.0609875831142508,0.0147916615900701
"354","HN_31","SCTLD","Coral","HN",15,0.15,0.126243811729526,0.0306186217847897
"355","HN_31","SCTLD","Coral","HN",16,0.249411764705882,0.261186489606452,0.0633470285077465
"356","HN_31","SCTLD","Coral","HN",18,1.25823529411765,0.808302505981808,0.196042153506732
"357","HN_31","SCTLD","Coral","HN",21,0.791470588235294,0.508040859287796,0.123218007351361
"358","HN_31","SCTLD","Coral","HN",23,0.567941176470588,0.514529696736281,0.124791781597689
"359","HN_31","SCTLD","Coral","HN",25,1.63970588235294,1.3803107333453,0.334774526456261
"360","HN_31","SCTLD","Coral","HN",29,1.50823529411765,0.899049743438299,0.218051591463563
"361","HN_31","SCTLD","Coral","HN",31,1.27529411764706,0.517012060389538,0.125393843217899
"362","HN_31","SCTLD","Coral","HN",35,5.165,1.53912312697848,0.513041042326159
"363","HN_31","SCTLD","Coral","HN",37,2.35722222222222,1.5152827935552,0.505094264518399
"364","HN_31","SCTLD","Coral","HN",39,4.17888888888889,2.40302644827541,0.801008816091802
"365","HN_31","SCTLD","Coral","HN",42,2.57222222222222,1.64210061946412,0.547366873154706
"366","HN_31","SCTLD","Coral","HN",45,1.22166666666667,0.779887812444841,0.25996260414828
"367","HN_31","SCTLD","Coral","HN",50,1.24944444444444,3.11322024241424,1.03774008080475
"368","HN_31","SCTLD","Coral","HN",52,4.97833333333333,13.7939696969364,4.5979898989788
